ts_utc	actor	status	artifact	evidence	next
2026-05-18T22:25:52Z	codex	barrier	goal-files	read product spec and parallel governor; governor is interpreted as steering for current parent run, no workers while dirty active thread exists	refresh frontier matrix and continue parent-owned proof edits
2026-05-18T22:25:52Z	codex	baseline_nonterminal	target-worktree	git status shows current pullback-head edits; lake build and focused Lean audits passed; external audit fails on stale manifest until evidence refresh	update docs/json evidence after proof surface stabilizes
2026-05-18T22:50:18Z	codex	checkpoint	yoneda-pushout-splitting	implemented pushoutSplitting and shortExactExtensionPushoutSplitting; lake build and focused Yoneda audits passed	run full verification and refresh manifest/evidence
2026-05-18T22:57:02Z	codex	checkpoint	yoneda-pullback-splitting	implemented pullbackSplitting and shortExactExtensionPullbackSplitting; lake build and focused Yoneda audits passed	refresh manifest/evidence and commit
2026-05-18T23:00:30Z	codex	checkpoint	degree0-split-zero-ext-lemmas	implemented Ext-level split-zero lemmas for tail hom composition and head pullback; lake build and focused audits passed	refresh evidence and commit
2026-05-18T23:08:01Z	parent	checkpoint	LeanLCAExactChallenge/Ext/Yoneda.lean	added tail pushout preservation of right-split and split-factor data plus Ext zero lemmas; focused Lean audits pass after lake build	refresh evidence and run full oracle
2026-05-18T23:12:39Z	parent	checkpoint	LeanLCAExactChallenge/Ext/Yoneda.lean	added composeTailHom preservation for Rel and RelIso plus Ext equality theorems; lake build and focused Yoneda audits passed	refresh evidence and run full oracle
2026-05-18T23:16:57Z	parent	checkpoint	LeanLCAExactChallenge/Ext/Yoneda.lean	added head pullback preservation of right-split and split-factor data plus Ext zero lemmas; lake build and focused Yoneda audits passed	refresh evidence and run full oracle
2026-05-18T23:25:36Z	parent	checkpoint	LeanLCAExactChallenge/Ext/Yoneda.lean	added pullback preservation of one-fold extension isomorphisms and head pullback Rel equality; lake build and focused Yoneda audits passed	refresh evidence and run full oracle
2026-05-18T23:31:47Z	parent	checkpoint	LeanLCAExactChallenge/Ext/Yoneda.lean	added pullback preservation of IsoBetween and head pullback RelIso equality; lake build and focused Yoneda audits passed	refresh evidence and run full oracle
2026-05-18T23:38:11Z	parent	checkpoint	LeanLCAExactChallenge/Ext/Yoneda.lean	added right-variable additivity and baer_sum preservation for fixed left one-fold and positive-chain splice products; lake build and focused audits passed	refresh evidence and run full oracle
2026-05-18T23:41:28Z	parent	verified	v41-left-splice-right-additivity	lake build, forbidden-token audit, RequiredDeclarations, ProductSuccessDeclarations, blocker audits, JSON validation, and git diff --check passed; external audit failed only product gate	commit tracked checkpoint without packets
2026-05-18T23:46:16Z	parent	checkpoint	LeanLCAExactChallenge/Ext/Yoneda.lean	lifted left-factor split/iso/Baer generator compatibilities to homomorphism equalities on right Ext; lake build and focused audits passed	refresh evidence and run full oracle
2026-05-18T23:48:55Z	parent	verified	v42-left-splice-hom-equalities	lake build, forbidden-token audit, RequiredDeclarations, ProductSuccessDeclarations, blocker audits, JSON validation, and git diff --check passed; external audit failed only product gate	commit tracked checkpoint without packets
2026-05-18T23:54:43Z	parent	checkpoint	LeanLCAExactChallenge/Ext/Yoneda.lean	added free abelian group maps for degree-zero tail composition and head pullback plus Rel/RelIso relation-subgroup membership lemmas; focused Lean audits passed	refresh evidence and run full oracle
2026-05-18T23:56:40Z	parent	verified	v43-degree0-free-action-membership	lake build, forbidden-token audit, RequiredDeclarations, ProductSuccessDeclarations, blocker audits, JSON validation, and git diff --check passed; external audit failed only product gate	commit tracked checkpoint without packets
2026-05-19T00:00:57Z	parent	checkpoint	LeanLCAExactChallenge/Ext/Yoneda.lean	added free head/tail action membership lemmas for split, leftSplit, rightSplit, and splitFactor relation generators; lake build and focused audits passed	refresh evidence and run full oracle
2026-05-19T00:04:37Z	parent	verified	v44-degree0-zero-generator-membership	lake build, forbidden-token audit, RequiredDeclarations, ProductSuccessDeclarations, blocker audits, JSON validation, and git diff --check passed; external audit expected to fail only product gate	refresh manifest and commit tracked checkpoint without packets
2026-05-19T00:09:12Z	parent	checkpoint	LeanLCAExactChallenge/Ext/Yoneda.lean	added degree-zero free-map membership lemmas for head Baer under tail composition and cons-lifted Baer/hom-tail under head pullback; lake build and focused audits passed	refresh evidence and run full oracle
2026-05-19T00:11:01Z	parent	verified	v45-degree0-recursive-generator-membership	lake build, forbidden-token audit, RequiredDeclarations, ProductSuccessDeclarations, blocker audits, JSON validation, and git diff --check passed; external audit expected to fail only product gate	refresh manifest and commit tracked checkpoint without packets
2026-05-19T00:17:12Z	parent	checkpoint	LeanLCAExactChallenge/Ext/Yoneda.lean	added conditional head-pullback membership lemmas for one-fold Baer and base hom-tail generators under supplied Baer/exchange data	refresh evidence and run full oracle
2026-05-19T00:19:53Z	parent	verified	v46-head-pullback-base-generator-membership	lake build, forbidden-token audit, RequiredDeclarations, ProductSuccessDeclarations, blocker audits, and git diff --check passed; external audit expected to fail only product gate	refresh manifest and commit tracked checkpoint without packets
2026-05-19T00:23:38Z	parent	checkpoint	LeanLCAExactChallenge/Ext/Yoneda.lean	added conditional tail-composition membership lemmas for one-fold Baer and base hom-tail generators under supplied Baer/pushout-associativity data	refresh evidence and run full oracle
2026-05-19T00:23:38Z	parent	verified	v47-tail-base-generator-membership	lake build, forbidden-token audit, RequiredDeclarations, ProductSuccessDeclarations, blocker audits, and git diff --check passed; external audit expected to fail only product gate	refresh manifest and commit tracked checkpoint without packets
2026-05-19T00:34:39Z	parent	checkpoint	LeanLCAExactChallenge/Ext/Yoneda.lean	added recursive all-Baer/all-HomTail head and tail free-map membership wrappers; lake build, focused Yoneda/Product audits, forbidden-token audit, RequiredDeclarations, and git diff --check passed	refresh evidence, manifest, and nonterminal outcome before next frontier
2026-05-19T00:41:51Z	parent	verified	v49-pullback-pushout-universal-data	added IsPullback/IsPushout fields to ShortExactExtension pullback/pushout data and canonical MetrizableLCA witnesses; lake build, focused audits, full oracle commands, and git diff --check passed; external audit expected to stop at product gate	refresh manifest and commit tracked checkpoint without packets
2026-05-19T00:50:49Z	parent	verified	v50-pushout-assoc-homtail	added standard MetrizableLCA pushout associativity iso and canonical tail HomTailData relation membership theorem; lake build, focused audits, full oracle commands, and git diff --check passed; external audit expected to stop at product gate	refresh manifest and commit tracked checkpoint without packets
2026-05-19T01:04:51Z	parent	verified	v51-pushout-iso-transport	added Iso.symm/trans, PushoutData.iso, BaerSumData.isoSum, and MetrizableLCA.shortExactExtensionPushoutIso; lake build, forbidden-token audit, RequiredDeclarations, ProductSuccessDeclarations, focused Yoneda audit, and git diff --check passed; external audit needs refreshed manifest then should stop at product gate	refresh evidence, manifest, and commit tracked checkpoint without packets
2026-05-19T01:07:27Z	parent	committed	ded0f2a	v51 pushout isomorphism transport helpers committed; packets/ remains untracked and stale	continue canonical Baer pushout preservation or head pullback-pushout exchange frontier
2026-05-19T01:16:59Z	parent	verified	v52-degree0-quotient-map-data	added conditional pullbackHead/composeTail relationSubgroup_le and quotient-level maps; lake build, forbidden-token audit, RequiredDeclarations, ProductSuccessDeclarations, focused Yoneda audit, and git diff --check passed; external audit fails stale manifest	refresh run/verification, terminal outcome, frontier, manifest, then continue Baer/pullback exchange frontier
2026-05-19T01:36:18Z	parent	verified	v53-canonical-baer-degree0-maps	added canonical MetrizableLCA pushout/pullback Baer preservation plus unconditional tail composeTailHomMap_metrizable and head pullback map conditional only on pullback-pushout exchange; lake build, forbidden-token audit, RequiredDeclarations, ProductSuccessDeclarations, blocker audits, and git diff --check passed	refresh manifest, run external audit expecting product gate only, then continue head pullback-pushout exchange or left-product frontier
2026-05-19T01:40:30Z	parent	in_progress	v54-positive-chain-left-relations	commit 685c939 recorded v53; starting left-product frontier by adding recursive PositiveChain relation/Baer preservation for fixed positive-chain splicing without using unresolved head pullback-pushout exchange	update Yoneda.lean, audits, and artifacts; verify focused Lean then oracle
2026-05-19T01:46:58Z	parent	verified	v54-positive-chain-left-relations	added PositiveChain.Rel and PositiveChain.BaerSumData with toYonedaExtension/consLeftMap transport plus leftProductByPositiveChain relation and Baer homomorphism equalities; lake build, forbidden-token audit, RequiredDeclarations, ProductSuccessDeclarations, blocker audits, git diff --check passed; external audit reaches expected failed_nonterminal product gate	refresh manifest after progress row, commit tracked checkpoint without packets, then continue head pullback-pushout exchange or full left quotient product frontier
2026-05-19T01:47:46Z	parent	committed	16e2e5f	v54 positive-chain left relation product APIs committed; packets/ remains untracked and stale	continue head pullback-pushout exchange or full left quotient product frontier; do not call update_goal
